,,Disease Name,
http://babelnet.org/rdf/page/s18115009n,s18115009n,,
http://babelnet.org/rdf/page/s05231838n,s05231838n,,
http://babelnet.org/rdf/page/s05246097n,s05246097n,,
http://babelnet.org/rdf/page/s05392134n,s05392134n,,
http://babelnet.org/rdf/page/s05455685n,s05455685n,,
http://babelnet.org/rdf/page/s05588977n,s05588977n,,
http://babelnet.org/rdf/page/s05709548n,s05709548n,,
http://babelnet.org/rdf/page/s06157100n,s06157100n,,
http://babelnet.org/rdf/page/s08493550n,s08493550n,,
http://babelnet.org/rdf/page/s08630324n,s08630324n,,
http://babelnet.org/rdf/page/s08752179n,s08752179n,,
http://babelnet.org/rdf/page/s08758664n,s08758664n,,
http://babelnet.org/rdf/page/s11511083n,s11511083n,,
http://babelnet.org/rdf/page/s11634864n,s11634864n,,
http://babelnet.org/rdf/page/s12611390n,s12611390n,,
http://babelnet.org/rdf/page/s12670264n,s12670264n,,
http://babelnet.org/rdf/page/s12692052n,s12692052n,,
http://babelnet.org/rdf/page/s13013513n,s13013513n,,
http://babelnet.org/rdf/page/s13014914n,s13014914n,,
http://babelnet.org/rdf/page/s13455249n,s13455249n,,
http://babelnet.org/rdf/page/s13455252n,s13455252n,,
http://babelnet.org/rdf/page/s13463239n,s13463239n,,
http://babelnet.org/rdf/page/s13463254n,s13463254n,,
http://babelnet.org/rdf/page/s13463333n,s13463333n,,
http://babelnet.org/rdf/page/s13463414n,s13463414n,,
http://babelnet.org/rdf/page/s13463415n,s13463415n,,
http://babelnet.org/rdf/page/s13579995n,s13579995n,,
http://babelnet.org/rdf/page/s13579997n,s13579997n,,
http://babelnet.org/rdf/page/s06453419n,s06453419n,,
http://babelnet.org/rdf/page/s06461190n,s06461190n,,
http://babelnet.org/rdf/page/s07013555n,s07013555n,,
http://babelnet.org/rdf/page/s07025907n,s07025907n,,
http://babelnet.org/rdf/page/s07089126n,s07089126n,,
http://babelnet.org/rdf/page/s07089127n,s07089127n,,
http://babelnet.org/rdf/page/s07391693n,s07391693n,,
http://babelnet.org/rdf/page/s07706664n,s07706664n,,
http://babelnet.org/rdf/page/s07706666n,s07706666n,,
http://babelnet.org/rdf/page/s07706701n,s07706701n,,
http://babelnet.org/rdf/page/s07706704n,s07706704n,,
http://babelnet.org/rdf/page/s07706717n,s07706717n,,
http://babelnet.org/rdf/page/s07706725n,s07706725n,,
http://babelnet.org/rdf/page/s07706807n,s07706807n,,
http://babelnet.org/rdf/page/s07706859n,s07706859n,,
http://babelnet.org/rdf/page/s07706865n,s07706865n,,
http://babelnet.org/rdf/page/s07706879n,s07706879n,,
http://babelnet.org/rdf/page/s07835834n,s07835834n,,
http://babelnet.org/rdf/page/s14227995n,s14227995n,,
http://babelnet.org/rdf/page/s14551055n,s14551055n,,
http://babelnet.org/rdf/page/s14782727n,s14782727n,,
http://babelnet.org/rdf/page/s15742658n,s15742658n,,
http://babelnet.org/rdf/page/s17046802n,s17046802n,,
http://babelnet.org/rdf/page/s21646224n,s21646224n,,
http://babelnet.org/rdf/page/s22299092n,s22299092n,,
http://babelnet.org/rdf/page/s24564810n,s24564810n,,
http://babelnet.org/rdf/page/s24641223n,s24641223n,,
http://babelnet.org/rdf/page/s25720435n,s25720435n,,
http://babelnet.org/rdf/page/s29207109n,s29207109n,,
http://babelnet.org/rdf/page/s16064785n,s16064785n,,
http://babelnet.org/rdf/page/s06376417n,s06376417n,,
http://babelnet.org/rdf/page/s06380209n,s06380209n,,
http://babelnet.org/rdf/page/s06380211n,s06380211n,,
http://babelnet.org/rdf/page/s06380275n,s06380275n,,
http://babelnet.org/rdf/page/s05150051n,s05150051n,,
http://babelnet.org/rdf/page/s04075621n,s04075621n,,
http://babelnet.org/rdf/page/s05473705n,s05473705n,,
http://babelnet.org/rdf/page/s06473265n,s06473265n,,
http://babelnet.org/rdf/page/s05783618n,s05783618n,,
http://babelnet.org/rdf/page/s16030314n,s16030314n,,
http://babelnet.org/rdf/page/s29205232n,s29205232n,,
http://babelnet.org/rdf/page/s08781391n,s08781391n,,
http://babelnet.org/rdf/page/s05083178n,s05083178n,,
http://babelnet.org/rdf/page/s08753382n,s08753382n,,
http://babelnet.org/rdf/page/s26450312n,s26450312n,,
http://babelnet.org/rdf/page/s05131073n,s05131073n,,
http://babelnet.org/rdf/page/s05207501n,s05207501n,,
http://babelnet.org/rdf/page/s06453254n,s06453254n,,
http://babelnet.org/rdf/page/s14915611n,s14915611n,,
http://babelnet.org/rdf/page/s17306988n,s17306988n,,
http://babelnet.org/rdf/page/s05128016n,s05128016n,,
http://babelnet.org/rdf/page/s06265761n,s06265761n,,
http://babelnet.org/rdf/page/s05772709n,s05772709n,,
http://babelnet.org/rdf/page/s05309142n,s05309142n,,
http://babelnet.org/rdf/page/s05969256n,s05969256n,,
http://babelnet.org/rdf/page/s08693268n,s08693268n,,
http://babelnet.org/rdf/page/s13913676n,s13913676n,,
http://babelnet.org/rdf/page/s06310564n,s06310564n,,
http://babelnet.org/rdf/page/s07390848n,s07390848n,,
http://babelnet.org/rdf/page/s06089302n,s06089302n,,
http://babelnet.org/rdf/page/s06983048n,s06983048n,,
http://babelnet.org/rdf/page/s05161762n,s05161762n,,
http://babelnet.org/rdf/page/s18389343n,s18389343n,,
http://babelnet.org/rdf/page/s25396629n,s25396629n,,
http://babelnet.org/rdf/page/s05349351n,s05349351n,,
http://babelnet.org/rdf/page/s21505527n,s21505527n,,
http://babelnet.org/rdf/page/s05581387n,s05581387n,,
http://babelnet.org/rdf/page/s06479378n,s06479378n,,
http://babelnet.org/rdf/page/s26429578n,s26429578n,,
http://babelnet.org/rdf/page/s05084712n,s05084712n,,
http://babelnet.org/rdf/page/s05507858n,s05507858n,,
http://babelnet.org/rdf/page/s05751952n,s05751952n,,
http://babelnet.org/rdf/page/s13879145n,s13879145n,,
http://babelnet.org/rdf/page/s13981315n,s13981315n,,
http://babelnet.org/rdf/page/s29207109n,s29207109n,,
http://babelnet.org/rdf/page/s16064785n,s16064785n,,
http://babelnet.org/rdf/page/s06376417n,s06376417n,,
http://babelnet.org/rdf/page/s06380209n,s06380209n,,
http://babelnet.org/rdf/page/s06380211n,s06380211n,,
http://babelnet.org/rdf/page/s06380275n,s06380275n,,
http://babelnet.org/rdf/page/s05150051n,s05150051n,,
http://babelnet.org/rdf/page/s04075621n,s04075621n,,
http://babelnet.org/rdf/page/s05473705n,s05473705n,,
http://babelnet.org/rdf/page/s06473265n,s06473265n,,
http://babelnet.org/rdf/page/s05783618n,s05783618n,,
http://babelnet.org/rdf/page/s16030314n,s16030314n,,
http://babelnet.org/rdf/page/s29205232n,s29205232n,,
http://babelnet.org/rdf/page/s08781391n,s08781391n,,
http://babelnet.org/rdf/page/s05083178n,s05083178n,,
http://babelnet.org/rdf/page/s08753382n,s08753382n,,
http://babelnet.org/rdf/page/s26450312n,s26450312n,,
http://babelnet.org/rdf/page/s05131073n,s05131073n,,
http://babelnet.org/rdf/page/s05207501n,s05207501n,,
http://babelnet.org/rdf/page/s06453254n,s06453254n,,
http://babelnet.org/rdf/page/s14915611n,s14915611n,,
http://babelnet.org/rdf/page/s17306988n,s17306988n,,
http://babelnet.org/rdf/page/s05128016n,s05128016n,,
http://babelnet.org/rdf/page/s06265761n,s06265761n,,
http://babelnet.org/rdf/page/s14081289n,s14081289n,,
http://babelnet.org/rdf/page/s14081457n,s14081457n,,
http://babelnet.org/rdf/page/s14084097n,s14084097n,,
http://babelnet.org/rdf/page/s14084238n,s14084238n,,
http://babelnet.org/rdf/page/s14116175n,s14116175n,,
http://babelnet.org/rdf/page/s14117749n,s14117749n,,
http://babelnet.org/rdf/page/s14119130n,s14119130n,,
http://babelnet.org/rdf/page/s14125944n,s14125944n,,
http://babelnet.org/rdf/page/s14127711n,s14127711n,,
http://babelnet.org/rdf/page/s14128400n,s14128400n,,
http://babelnet.org/rdf/page/s16030314n,s16030314n,,
http://babelnet.org/rdf/page/s29205232n,s29205232n,,
http://babelnet.org/rdf/page/s08781391n,s08781391n,,
http://babelnet.org/rdf/page/s05083178n,s05083178n,,
http://babelnet.org/rdf/page/s08753382n,s08753382n,,
http://babelnet.org/rdf/page/s26450312n,s26450312n,,
http://babelnet.org/rdf/page/s05131073n,s05131073n,,
http://babelnet.org/rdf/page/s05207501n,s05207501n,,
http://babelnet.org/rdf/page/s06453254n,s06453254n,,
http://babelnet.org/rdf/page/s14915611n,s14915611n,,
http://babelnet.org/rdf/page/s17306988n,s17306988n,,
http://babelnet.org/rdf/page/s05128016n,s05128016n,,
http://babelnet.org/rdf/page/s06265761n,s06265761n,,
http://babelnet.org/rdf/page/s14081289n,s14081289n,,
http://babelnet.org/rdf/page/s14081457n,s14081457n,,
http://babelnet.org/rdf/page/s14084097n,s14084097n,,
http://babelnet.org/rdf/page/s14084238n,s14084238n,,
http://babelnet.org/rdf/page/s14116175n,s14116175n,,
http://babelnet.org/rdf/page/s14117749n,s14117749n,,
http://babelnet.org/rdf/page/s14119130n,s14119130n,,
http://babelnet.org/rdf/page/s14125944n,s14125944n,,
http://babelnet.org/rdf/page/s14127711n,s14127711n,,
http://babelnet.org/rdf/page/s14128400n,s14128400n,,
http://babelnet.org/rdf/page/s14130597n,s14130597n,,
http://babelnet.org/rdf/page/s14554277n,s14554277n,,
http://babelnet.org/rdf/page/s16136683n,s16136683n,,
http://babelnet.org/rdf/page/s20230231n,s20230231n,,
http://babelnet.org/rdf/page/s21929943n,s21929943n,,
http://babelnet.org/rdf/page/s21933593n,s21933593n,,
http://babelnet.org/rdf/page/s21933903n,s21933903n,,
http://babelnet.org/rdf/page/s26345297n,s26345297n,,
http://babelnet.org/rdf/page/s26429578n,s26429578n,,
http://babelnet.org/rdf/page/s26563036n,s26563036n,,
http://babelnet.org/rdf/page/s26566775n,s26566775n,,
http://babelnet.org/rdf/page/s26566781n,s26566781n,,
http://babelnet.org/rdf/page/s26566782n,s26566782n,,
http://babelnet.org/rdf/page/s27622646n,s27622646n,,
http://babelnet.org/rdf/page/s27622646n,s27622646n,,
http://babelnet.org/rdf/page/s18509613n,s18509613n,,
http://babelnet.org/rdf/page/s14967687n,s14967687n,,
http://babelnet.org/rdf/page/s05746901n,s05746901n,,
http://babelnet.org/rdf/page/s07820398n,s07820398n,,
http://babelnet.org/rdf/page/s07822902n,s07822902n,,
http://babelnet.org/rdf/page/s05612981n,s05612981n,,
http://babelnet.org/rdf/page/s06757039n,s06757039n,,
http://babelnet.org/rdf/page/s07745593n,s07745593n,,
http://babelnet.org/rdf/page/s07788146n,s07788146n,,
http://babelnet.org/rdf/page/s07801473n,s07801473n,,
http://babelnet.org/rdf/page/s07801474n,s07801474n,,
http://babelnet.org/rdf/page/s07813383n,s07813383n,,
http://babelnet.org/rdf/page/s08610928n,s08610928n,,
http://babelnet.org/rdf/page/s08742662n,s08742662n,,
http://babelnet.org/rdf/page/s11152826n,s11152826n,,
http://babelnet.org/rdf/page/s11637680n,s11637680n,,
http://babelnet.org/rdf/page/s11643003n,s11643003n,,
http://babelnet.org/rdf/page/s05197784n,s05197784n,,
http://babelnet.org/rdf/page/s05200943n,s05200943n,,
http://babelnet.org/rdf/page/s05201901n,s05201901n,,
http://babelnet.org/rdf/page/s05222388n,s05222388n,,
http://babelnet.org/rdf/page/s04129929n,s04129929n,,
http://babelnet.org/rdf/page/s05240093n,s05240093n,,
http://babelnet.org/rdf/page/s05266374n,s05266374n,,
http://babelnet.org/rdf/page/s05388829n,s05388829n,,
http://babelnet.org/rdf/page/s06446249n,s06446249n,,
http://babelnet.org/rdf/page/s07433117n,s07433117n,,
http://babelnet.org/rdf/page/s07434000n,s07434000n,,
http://babelnet.org/rdf/page/s08771829n,s08771829n,,
http://babelnet.org/rdf/page/s09262180n,s09262180n,,
http://babelnet.org/rdf/page/s09262181n,s09262181n,,
http://babelnet.org/rdf/page/s11643624n,s11643624n,,
http://babelnet.org/rdf/page/s05759629n,s05759629n,,
http://babelnet.org/rdf/page/s05759714n,s05759714n,,
http://babelnet.org/rdf/page/s05759728n,s05759728n,,
http://babelnet.org/rdf/page/s05759748n,s05759748n,,
http://babelnet.org/rdf/page/s05759892n,s05759892n,,
http://babelnet.org/rdf/page/s05760619n,s05760619n,,
http://babelnet.org/rdf/page/s05768865n,s05768865n,,
http://babelnet.org/rdf/page/s05771625n,s05771625n,,
http://babelnet.org/rdf/page/s05772661n,s05772661n,,
http://babelnet.org/rdf/page/s05772903n,s05772903n,,
http://babelnet.org/rdf/page/s05772981n,s05772981n,,
http://babelnet.org/rdf/page/s05773354n,s05773354n,,
http://babelnet.org/rdf/page/s06258538n,s06258538n,,
http://babelnet.org/rdf/page/s17954281n,s17954281n,,
http://babelnet.org/rdf/page/s05353787n,s05353787n,,
http://babelnet.org/rdf/page/s06517795n,s06517795n,,
http://babelnet.org/rdf/page/s15103497n,s15103497n,,
http://babelnet.org/rdf/page/s18492162n,s18492162n,,
http://babelnet.org/rdf/page/s23570941n,s23570941n,,
http://babelnet.org/rdf/page/s29224848n,s29224848n,,
http://babelnet.org/rdf/page/s17147380n,s17147380n,,
http://babelnet.org/rdf/page/s06698607n,s06698607n,,
http://babelnet.org/rdf/page/s06698878n,s06698878n,,
http://babelnet.org/rdf/page/s09230926n,s09230926n,,
http://babelnet.org/rdf/page/s06338927n,s06338927n,,
http://babelnet.org/rdf/page/s21331403n,s21331403n,,
http://babelnet.org/rdf/page/s05773026n,s05773026n,,
http://babelnet.org/rdf/page/s11206612n,s11206612n,,
http://babelnet.org/rdf/page/s13103346n,s13103346n,,
http://babelnet.org/rdf/page/s05533885n,s05533885n,,
http://babelnet.org/rdf/page/s18389341n,s18389341n,,
http://babelnet.org/rdf/page/s05191927n,s05191927n,,
http://babelnet.org/rdf/page/s08684825n,s08684825n,,
http://babelnet.org/rdf/page/s05277421n,s05277421n,,
http://babelnet.org/rdf/page/s05749380n,s05749380n,,
http://babelnet.org/rdf/page/s05758160n,s05758160n,,
http://babelnet.org/rdf/page/s06381037n,s06381037n,,
http://babelnet.org/rdf/page/s06418216n,s06418216n,,
http://babelnet.org/rdf/page/s06755058n,s06755058n,,
http://babelnet.org/rdf/page/s06759048n,s06759048n,,
http://babelnet.org/rdf/page/s07765579n,s07765579n,,
http://babelnet.org/rdf/page/s08726501n,s08726501n,,
http://babelnet.org/rdf/page/s08768555n,s08768555n,,
http://babelnet.org/rdf/page/s08770802n,s08770802n,,
http://babelnet.org/rdf/page/s09308982n,s09308982n,,
http://babelnet.org/rdf/page/s11506171n,s11506171n,,
http://babelnet.org/rdf/page/s13310388n,s13310388n,,
http://babelnet.org/rdf/page/s16145401n,s16145401n,,
http://babelnet.org/rdf/page/s17943269n,s17943269n,,
http://babelnet.org/rdf/page/s18476131n,s18476131n,,
http://babelnet.org/rdf/page/s21176497n,s21176497n,,
http://babelnet.org/rdf/page/s21176545n,s21176545n,,
http://babelnet.org/rdf/page/s23865615n,s23865615n,,
http://babelnet.org/rdf/page/s25605951n,s25605951n,,
http://babelnet.org/rdf/page/s26422529n,s26422529n,,
http://babelnet.org/rdf/page/s05740567n,s05740567n,,
http://babelnet.org/rdf/page/s08650648n,s08650648n,,
http://babelnet.org/rdf/page/s05219124n,s05219124n,,
http://babelnet.org/rdf/page/s05315785n,s05315785n,,
http://babelnet.org/rdf/page/s05609811n,s05609811n,,
http://babelnet.org/rdf/page/s05863666n,s05863666n,,
http://babelnet.org/rdf/page/s05874074n,s05874074n,,
http://babelnet.org/rdf/page/s05874076n,s05874076n,,
http://babelnet.org/rdf/page/s06393652n,s06393652n,,
http://babelnet.org/rdf/page/s07406170n,s07406170n,,
http://babelnet.org/rdf/page/s09262182n,s09262182n,,
http://babelnet.org/rdf/page/s09262184n,s09262184n,,
http://babelnet.org/rdf/page/s09262186n,s09262186n,,
http://babelnet.org/rdf/page/s09263353n,s09263353n,,
http://babelnet.org/rdf/page/s15717581n,s15717581n,,
http://babelnet.org/rdf/page/s17966251n,s17966251n,,
http://babelnet.org/rdf/page/s22117512n,s22117512n,,
http://babelnet.org/rdf/page/s23750174n,s23750174n,,
http://babelnet.org/rdf/page/s11165174n,s11165174n,,
http://babelnet.org/rdf/page/s16136303n,s16136303n,,
http://babelnet.org/rdf/page/s16140146n,s16140146n,,
http://babelnet.org/rdf/page/s16145820n,s16145820n,,
http://babelnet.org/rdf/page/s16147053n,s16147053n,,
http://babelnet.org/rdf/page/s18131661n,s18131661n,,
http://babelnet.org/rdf/page/s18131675n,s18131675n,,
http://babelnet.org/rdf/page/s18132049n,s18132049n,,
http://babelnet.org/rdf/page/s18132081n,s18132081n,,
http://babelnet.org/rdf/page/s18132137n,s18132137n,,
http://babelnet.org/rdf/page/s18132152n,s18132152n,,
http://babelnet.org/rdf/page/s18133855n,s18133855n,,
http://babelnet.org/rdf/page/s18133987n,s18133987n,,
http://babelnet.org/rdf/page/s18134033n,s18134033n,,
http://babelnet.org/rdf/page/s08743107n,s08743107n,,
http://babelnet.org/rdf/page/s05584402n,s05584402n,,
http://babelnet.org/rdf/page/s06316577n,s06316577n,,
http://babelnet.org/rdf/page/s06310436n,s06310436n,,
http://babelnet.org/rdf/page/s05179996n,s05179996n,,
http://babelnet.org/rdf/page/s05139432n,s05139432n,,
http://babelnet.org/rdf/page/s18455243n,s18455243n,,
http://babelnet.org/rdf/page/s05136465n,s05136465n,,
http://babelnet.org/rdf/page/s19807751n,s19807751n,,
http://babelnet.org/rdf/page/s13861334n,s13861334n,,
http://babelnet.org/rdf/page/s17882775n,s17882775n,,
http://babelnet.org/rdf/page/s05767843n,s05767843n,,
http://babelnet.org/rdf/page/s08107880n,s08107880n,,
http://babelnet.org/rdf/page/s25907473n,s25907473n,,
http://babelnet.org/rdf/page/s09266221n,s09266221n,,
http://babelnet.org/rdf/page/s05768488n,s05768488n,,
http://babelnet.org/rdf/page/s24502053n,s24502053n,,
http://babelnet.org/rdf/page/s05142303n,s05142303n,,
http://babelnet.org/rdf/page/s05252681n,s05252681n,,
http://babelnet.org/rdf/page/s08119867n,s08119867n,,
http://babelnet.org/rdf/page/s08682558n,s08682558n,,
http://babelnet.org/rdf/page/s16113567n,s16113567n,,
http://babelnet.org/rdf/page/s16799212n,s16799212n,,
http://babelnet.org/rdf/page/s23511779n,s23511779n,,
http://babelnet.org/rdf/page/s24231302n,s24231302n,,
http://babelnet.org/rdf/page/s24424931n,s24424931n,,
http://babelnet.org/rdf/page/s24502053n,s24502053n,,
http://babelnet.org/rdf/page/s25461845n,s25461845n,,
http://babelnet.org/rdf/page/s25562016n,s25562016n,,
http://babelnet.org/rdf/page/s25675036n,s25675036n,,
http://babelnet.org/rdf/page/s25782970n,s25782970n,,
http://babelnet.org/rdf/page/s26644811n,s26644811n,,
http://babelnet.org/rdf/page/s27521366n,s27521366n,,
http://babelnet.org/rdf/page/s28360535n,s28360535n,,
http://babelnet.org/rdf/page/s06683289n,s06683289n,,
http://babelnet.org/rdf/page/s05254020n,s05254020n,,
http://babelnet.org/rdf/page/s05133777n,s05133777n,,
http://babelnet.org/rdf/page/s05139545n,s05139545n,,
http://babelnet.org/rdf/page/s09296771n,s09296771n,,
http://babelnet.org/rdf/page/s04136073n,s04136073n,,
http://babelnet.org/rdf/page/s19829606n,s19829606n,,
http://babelnet.org/rdf/page/s06326361n,s06326361n,,
http://babelnet.org/rdf/page/s17909472n,s17909472n,,
http://babelnet.org/rdf/page/s23868545n,s23868545n,,
http://babelnet.org/rdf/page/s05923503n,s05923503n,,
http://babelnet.org/rdf/page/s06751792n,s06751792n,,
http://babelnet.org/rdf/page/s14805770n,s14805770n,,
http://babelnet.org/rdf/page/s18171652n,s18171652n,,
http://babelnet.org/rdf/page/s06251030n,s06251030n,,
http://babelnet.org/rdf/page/s22558369n,s22558369n,,
http://babelnet.org/rdf/page/s28555587n,s28555587n,,
http://babelnet.org/rdf/page/s05881878n,s05881878n,,
http://babelnet.org/rdf/page/s05050399n,s05050399n,,
http://babelnet.org/rdf/page/s24812204n,s24812204n,,
http://babelnet.org/rdf/page/s05217444n,s05217444n,,
http://babelnet.org/rdf/page/s05496026n,s05496026n,,
http://babelnet.org/rdf/page/s06437477n,s06437477n,,
http://babelnet.org/rdf/page/s07004396n,s07004396n,,
http://babelnet.org/rdf/page/s15050734n,s15050734n,,
http://babelnet.org/rdf/page/s12666621n,s12666621n,,
http://babelnet.org/rdf/page/s14622663n,s14622663n,,
http://babelnet.org/rdf/page/s06446628n,s06446628n,,
http://babelnet.org/rdf/page/s06446661n,s06446661n,,
http://babelnet.org/rdf/page/s05214818n,s05214818n,,
http://babelnet.org/rdf/page/s05174379n,s05174379n,,
http://babelnet.org/rdf/page/s06393170n,s06393170n,,
http://babelnet.org/rdf/page/s16104442n,s16104442n,,
http://babelnet.org/rdf/page/s22695872n,s22695872n,,
http://babelnet.org/rdf/page/s23644460n,s23644460n,,
http://babelnet.org/rdf/page/s15268273n,s15268273n,,
http://babelnet.org/rdf/page/s05293302n,s05293302n,,
http://babelnet.org/rdf/page/s05178663n,s05178663n,,
http://babelnet.org/rdf/page/s15953729n,s15953729n,,
http://babelnet.org/rdf/page/s06074443n,s06074443n,,
http://babelnet.org/rdf/page/s05059738n,s05059738n,,
http://babelnet.org/rdf/page/s05775603n,s05775603n,,
http://babelnet.org/rdf/page/s05143456n,s05143456n,,
http://babelnet.org/rdf/page/s05498925n,s05498925n,,
http://babelnet.org/rdf/page/s05578637n,s05578637n,,
http://babelnet.org/rdf/page/s05330139n,s05330139n,,
http://babelnet.org/rdf/page/s17884801n,s17884801n,,
http://babelnet.org/rdf/page/s05302442n,s05302442n,,
http://babelnet.org/rdf/page/s05300719n,s05300719n,,
http://babelnet.org/rdf/page/s11107658n,s11107658n,,
http://babelnet.org/rdf/page/s06384736n,s06384736n,,
http://babelnet.org/rdf/page/s21504023n,s21504023n,,
http://babelnet.org/rdf/page/s22497531n,s22497531n,,
http://babelnet.org/rdf/page/s06536613n,s06536613n,,
http://babelnet.org/rdf/page/s05392045n,s05392045n,,
http://babelnet.org/rdf/page/s06438186n,s06438186n,,
http://babelnet.org/rdf/page/s05135357n,s05135357n,,
http://babelnet.org/rdf/page/s11224492n,s11224492n,,
http://babelnet.org/rdf/page/s15613668n,s15613668n,,
http://babelnet.org/rdf/page/s08702126n,s08702126n,,
http://babelnet.org/rdf/page/s17267957n,s17267957n,,
http://babelnet.org/rdf/page/s05940977n,s05940977n,,
http://babelnet.org/rdf/page/s05333751n,s05333751n,,
http://babelnet.org/rdf/page/s05370329n,s05370329n,,
http://babelnet.org/rdf/page/s06361549n,s06361549n,,
http://babelnet.org/rdf/page/s06448973n,s06448973n,,
http://babelnet.org/rdf/page/s07078619n,s07078619n,,
http://babelnet.org/rdf/page/s24061997n,s24061997n,,
http://babelnet.org/rdf/page/s05255536n,s05255536n,,
http://babelnet.org/rdf/page/s06294895n,s06294895n,,
http://babelnet.org/rdf/page/s03898900n,s03898900n,,
http://babelnet.org/rdf/page/s05284252n,s05284252n,,
http://babelnet.org/rdf/page/s05937454n,s05937454n,,
http://babelnet.org/rdf/page/s06080918n,s06080918n,,
http://babelnet.org/rdf/page/s06114870n,s06114870n,,
http://babelnet.org/rdf/page/s06293020n,s06293020n,,
http://babelnet.org/rdf/page/s11679346n,s11679346n,,
http://babelnet.org/rdf/page/s15034742n,s15034742n,,
http://babelnet.org/rdf/page/s05149118n,s05149118n,,
http://babelnet.org/rdf/page/s13897242n,s13897242n,,
http://babelnet.org/rdf/page/s06249501n,s06249501n,,
http://babelnet.org/rdf/page/s10264741n,s10264741n,,
http://babelnet.org/rdf/page/s07041931n,s07041931n,,
http://babelnet.org/rdf/page/s17918751n,s17918751n,,
http://babelnet.org/rdf/page/s07878672n,s07878672n,,
http://babelnet.org/rdf/page/s05291361n,s05291361n,,
http://babelnet.org/rdf/page/s05069151n,s05069151n,,
http://babelnet.org/rdf/page/s05307477n,s05307477n,,
http://babelnet.org/rdf/page/s05323840n,s05323840n,,
http://babelnet.org/rdf/page/s05940179n,s05940179n,,
http://babelnet.org/rdf/page/s05952746n,s05952746n,,
http://babelnet.org/rdf/page/s12627153n,s12627153n,,
http://babelnet.org/rdf/page/s12627303n,s12627303n,,
http://babelnet.org/rdf/page/s12633772n,s12633772n,,
http://babelnet.org/rdf/page/s16520765n,s16520765n,,
http://babelnet.org/rdf/page/s18137502n,s18137502n,,
http://babelnet.org/rdf/page/s18455199n,s18455199n,,
http://babelnet.org/rdf/page/s21507884n,s21507884n,,
http://babelnet.org/rdf/page/s25240364n,s25240364n,,
http://babelnet.org/rdf/page/s27479441n,s27479441n,,
http://babelnet.org/rdf/page/s28814608n,s28814608n,,
http://babelnet.org/rdf/page/s04074911n,s04074911n,,
http://babelnet.org/rdf/page/s05396981n,s05396981n,,
http://babelnet.org/rdf/page/s05452029n,s05452029n,,
http://babelnet.org/rdf/page/s05589790n,s05589790n,,
http://babelnet.org/rdf/page/s05589794n,s05589794n,,
http://babelnet.org/rdf/page/s05589798n,s05589798n,,
http://babelnet.org/rdf/page/s05589800n,s05589800n,,
http://babelnet.org/rdf/page/s05589852n,s05589852n,,
http://babelnet.org/rdf/page/s04626398n,s04626398n,,
http://babelnet.org/rdf/page/s06478250n,s06478250n,,
http://babelnet.org/rdf/page/s05225101n,s05225101n,,
http://babelnet.org/rdf/page/s06449543n,s06449543n,,
http://babelnet.org/rdf/page/s05413108n,s05413108n,,
http://babelnet.org/rdf/page/s18443383n,s18443383n,,
http://babelnet.org/rdf/page/s04191594n,s04191594n,,
http://babelnet.org/rdf/page/s05395969n,s05395969n,,
http://babelnet.org/rdf/page/s06493218n,s06493218n,,
http://babelnet.org/rdf/page/s06493340n,s06493340n,,
http://babelnet.org/rdf/page/s06493819n,s06493819n,,
http://babelnet.org/rdf/page/s06493822n,s06493822n,,
http://babelnet.org/rdf/page/s06607903n,s06607903n,,
http://babelnet.org/rdf/page/s10263919n,s10263919n,,
http://babelnet.org/rdf/page/s16010050n,s16010050n,,
http://babelnet.org/rdf/page/s17887155n,s17887155n,,
http://babelnet.org/rdf/page/s18177223n,s18177223n,,
http://babelnet.org/rdf/page/s23517128n,s23517128n,,
http://babelnet.org/rdf/page/s28834763n,s28834763n,,
http://babelnet.org/rdf/page/s29124955n,s29124955n,,
http://babelnet.org/rdf/page/s05769851n,s05769851n,,
http://babelnet.org/rdf/page/s05776331n,s05776331n,,
http://babelnet.org/rdf/page/s06172487n,s06172487n,,
http://babelnet.org/rdf/page/s06753188n,s06753188n,,
http://babelnet.org/rdf/page/s08669450n,s08669450n,,
http://babelnet.org/rdf/page/s08768542n,s08768542n,,
http://babelnet.org/rdf/page/s08686955n,s08686955n,,
http://babelnet.org/rdf/page/s08729733n,s08729733n,,
http://babelnet.org/rdf/page/s07881368n,s07881368n,,
http://babelnet.org/rdf/page/s24738762n,s24738762n,,
http://babelnet.org/rdf/page/s05564373n,s05564373n,,
http://babelnet.org/rdf/page/s07561897n,s07561897n,,
http://babelnet.org/rdf/page/s05889001n,s05889001n,,
http://babelnet.org/rdf/page/s08600492n,s08600492n,,
http://babelnet.org/rdf/page/s24394267n,s24394267n,,
http://babelnet.org/rdf/page/s15245994n,s15245994n,,
http://babelnet.org/rdf/page/s05317135n,s05317135n,,
http://babelnet.org/rdf/page/s06248540n,s06248540n,,
http://babelnet.org/rdf/page/s05575096n,s05575096n,,
http://babelnet.org/rdf/page/s05188613n,s05188613n,, 
